,method,number,orbital_period,mass,distance,year
0,Radial Velocity,1,269.3,7.1,77.4,2006
1,Radial Velocity,1,874.774,2.21,56.95,2008
2,Radial Velocity,1,763.0,2.6,19.84,2011
3,Radial Velocity,1,326.03,19.4,110.62,2007
4,Radial Velocity,1,516.22,10.5,119.47,2009
5,Radial Velocity,1,185.84,4.8,76.39,2008
6,Radial Velocity,1,1773.4,4.64,18.15,2002
7,Radial Velocity,1,798.5,,21.41,1996
8,Radial Velocity,1,993.3,10.3,73.1,2008
9,Radial Velocity,2,452.8,1.99,74.79,2010
10,Radial Velocity,2,883.0,0.86,74.79,2010
11,Radial Velocity,1,335.1,9.88,39.43,2009
12,Radial Velocity,1,479.1,3.88,97.28,2008
13,Radial Velocity,3,1078.0,2.53,14.08,1996
14,Radial Velocity,3,2391.0,0.54,14.08,2001
15,Radial Velocity,3,14002.0,1.64,14.08,2009
16,Radial Velocity,1,4.230785,0.472,15.36,1995
17,Radial Velocity,5,14.651,0.8,12.53,1996
18,Radial Velocity,5,44.38,0.165,12.53,2004
19,Radial Velocity,5,4909.0,3.53,12.53,2002
20,Radial Velocity,5,0.73654,,12.53,2011
21,Radial Velocity,5,261.2,0.172,12.53,2007
22,Radial Velocity,3,4.215,0.016,8.52,2009
23,Radial Velocity,3,38.021,0.057,8.52,2009
24,Radial Velocity,3,123.01,0.072,8.52,2009
25,Radial Velocity,1,116.6884,,18.11,1996
26,Radial Velocity,1,691.9,,81.5,2012
27,Radial Velocity,1,952.7,5.3,97.18,2008
28,Radial Velocity,1,181.4,3.2,45.52,2013
29,Imaging,1,,,45.52,2005
30,Imaging,1,,,165.0,2007
31,Imaging,1,,,140.0,2004
32,Eclipse Timing Variations,1,10220.0,6.05,,2009
33,Imaging,1,,,,2008
34,Imaging,1,,,145.0,2013
35,Imaging,1,,,139.0,2004
36,Imaging,1,,,18.39,2006
37,Eclipse Timing Variations,2,5767.0,,130.72,2008
38,Eclipse Timing Variations,2,3321.0,,130.72,2008
39,Eclipse Timing Variations,2,5573.55,,500.0,2010
40,Eclipse Timing Variations,2,2883.5,,500.0,2010
41,Eclipse Timing Variations,1,2900.0,,,2011
42,Eclipse Timing Variations,1,4343.5,4.2,,2012
43,Eclipse Timing Variations,2,5840.0,,,2011
44,Eclipse Timing Variations,2,1916.25,,,2011
45,Radial Velocity,1,380.8,1.8,20.21,2010
46,Radial Velocity,1,3.2357,0.0036,1.35,2012
47,Imaging,1,6000.0,,19.28,2008
48,Radial Velocity,1,2502.0,1.55,3.22,2000
49,Radial Velocity,1,417.9,,70.42,2012
50,Radial Velocity,1,594.9,7.6,47.53,2006
51,Radial Velocity,1,428.5,8.78,38.52,2009
52,Radial Velocity,1,903.3,1.85,13.79,2003
53,Radial Velocity,1,1251.0,,31.12,2007
54,Imaging,1,,,52.03,2012
55,Radial Velocity,1,136.75,2.8,62.66,2007
56,Radial Velocity,2,530.32,,46.84,2012
57,Radial Velocity,2,3186.0,,46.84,2012
58,Radial Velocity,1,277.02,1.7,80.64,2013
59,Radial Velocity,1,187.83,,84.03,2012
60,Radial Velocity,1,1630.0,,56.31,2012
61,Radial Velocity,1,39.845,1.04,17.43,1997
62,Radial Velocity,1,3.3135,3.9,15.6,1996
63,Radial Velocity,1,305.5,20.6,92.51,2013
64,Radial Velocity,4,4.617033,0.6876,13.47,1996
65,Radial Velocity,4,241.258,1.981,13.47,1999
66,Radial Velocity,4,1276.46,4.132,13.47,1999
67,Radial Velocity,4,3848.86,1.059,13.47,2010
68,Imaging,1,318280.0,,7.69,2008
69,Imaging,1,,,145.0,2008
70,Imaging,1,,,36.0,2013
71,Imaging,1,,,140.0,2010
72,Imaging,1,4639.15,,12.21,2009
73,Imaging,1,,,52.4,2004
74,Imaging,1,7336.5,,25.0,2009
75,Imaging,1,8679.7,,26.67,2009
76,Radial Velocity,1,655.6,5.1,37.54,2008
77,Radial Velocity,1,714.3,10.6,,2007
78,Radial Velocity,1,3.48777,,80.0,2000
79,Radial Velocity,2,5.6,0.045,42.09,2009
80,Radial Velocity,2,237.6,0.33,42.09,2009
81,Radial Velocity,2,3.8728,0.027,20.1,2013
82,Radial Velocity,2,125.94,0.17,20.1,2013
83,Radial Velocity,1,268.94,1.47,50.03,2009
84,Radial Velocity,1,137.48,1.11,175.44,2013
85,Radial Velocity,2,379.63,21.42,,2009
86,Radial Velocity,2,621.99,12.47,,2009
87,Radial Velocity,1,578.2,,,2012
88,Radial Velocity,1,392.6,0.91,,2011
89,Imaging,1,10037.5,,23.1,2011
90,Imaging,1,,,,2006
91,Transit,1,1.5089557,,,2008
92,Transit,1,1.7429935,,200.0,2008
93,Transit,1,4.2568,,680.0,2008
94,Transit,1,9.20205,,,2008
95,Transit,1,4.0378962,,,2009
96,Transit,1,8.886593,,,2009
97,Transit,2,0.853585,,150.0,2009
98,Radial Velocity,2,3.698,,150.0,2009
99,Transit,1,6.21229,,380.0,2010
100,Transit,1,95.2738,,460.0,2009
101,Transit,1,13.2406,,345.0,2010
102,Transit,1,2.99433,,560.0,2010
103,Transit,1,2.828042,,1150.0,2010
104,Transit,1,4.03519,,1060.0,2010
105,Transit,1,1.51214,,1340.0,2010
106,Transit,1,5.35227,,840.0,2011
107,Transit,1,3.7681,,920.0,2011
108,Transit,1,1.9000693,,870.0,2011
109,Transit,1,3.89713,,770.0,2011
110,Transit,1,9.24285,,1230.0,2011
111,Transit,1,3.6313,,600.0,2011
112,Transit,1,3.57532,,,2014
113,Astrometry,1,246.36,,20.77,2013
114,Radial Velocity,1,15.76491,3.91,10.91,1999
115,Radial Velocity,3,8.631,0.035,14.97,2013
116,Radial Velocity,3,25.6,0.024,14.97,2013
117,Radial Velocity,3,603.0,0.079,14.97,2013
118,Radial Velocity,1,2288.0,0.82,12.12,2009
119,Radial Velocity,2,692.0,1.894,15.1,2007
120,Radial Velocity,2,7100.0,1.6,15.1,2011
121,Radial Velocity,1,4100.0,2.3,20.03,2013
122,Radial Velocity,1,7.3709,0.018,9.04,2011
123,Radial Velocity,1,2.64385,,10.23,2004
124,Imaging,1,,,17.95,2013
125,Radial Velocity,4,5.36874,0.049,6.27,2005
126,Radial Velocity,4,12.9292,0.017,6.27,2005
127,Radial Velocity,4,66.8,0.022,6.27,2005
128,Radial Velocity,4,3.14942,0.006,6.27,2005
129,Radial Velocity,1,598.3,0.328,10.32,2009
130,Radial Velocity,6,7.2004,0.018,6.8,2011
131,Radial Velocity,6,28.14,0.012,6.8,2011
132,Radial Velocity,6,91.61,0.016,6.8,2013
133,Radial Velocity,6,62.24,0.008,6.8,2013
134,Radial Velocity,6,39.026,0.008,6.8,2013
135,Radial Velocity,6,256.2,0.014,6.8,2013
136,Radial Velocity,1,4.6938,0.035,4.54,2007
137,Radial Velocity,3,1050.3,4.95,16.13,2010
138,Radial Velocity,3,3.6,0.014,16.13,2012
139,Radial Velocity,3,35.37,0.036,16.13,2012
140,Radial Velocity,1,3416.0,0.64,4.94,2008
141,Radial Velocity,1,1845.0,0.91,8.77,2006
142,Radial Velocity,4,61.1166,2.2756,4.7,1998
143,Radial Velocity,4,30.0881,0.7142,4.7,2000
144,Radial Velocity,4,1.93778,0.021,4.7,2005
145,Radial Velocity,4,124.26,0.046,4.7,2010
146,Transit,1,1.58040482,,,2009
147,Radial Velocity,1,133.71,3.37,17.62,2000
148,Radial Velocity,1,3.33714,,25.2,2012
149,Radial Velocity,1,2.64561,0.022,19.8,2010
150,Imaging,1,,,145.0,2010
151,Transit,1,4.4652934,,139.0,2006
152,Transit,1,5.6334729,,135.32,2007
153,Transit,1,2.899736,,138.0,2007
154,Transit,1,3.056536,,314.0,2007
155,Transit,1,2.788491,,342.0,2007
156,Transit,1,3.852985,,261.0,2007
157,Transit,1,3.0763776,,230.0,2008
158,Transit,1,3.92289,,480.0,2008
159,Transit,1,3.2130598,,142.5,2009
160,Transit,2,2.91626,,214.0,2009
161,Radial Velocity,2,428.5,15.2,214.0,2009
162,Transit,1,4.627669,,205.0,2010
163,Transit,1,10.863502,,190.0,2010
164,Transit,1,2.77596,,235.0,2010
165,Transit,2,10.338523,,90.0,2010
166,Radial Velocity,2,5584.0,3.4,90.0,2010
167,Transit,1,5.508023,,166.0,2010
168,Transit,1,4.008778,,215.0,2010
169,Transit,1,2.875317,,70.0,2010
170,Transit,1,4.124481,,254.0,2010
171,Transit,1,3.21222,,82.0,2010
172,Transit,1,1.212884,,393.0,2010
173,Transit,1,3.35524,,396.0,2010
174,Transit,1,3.652836,,297.0,2010
175,Transit,1,4.234516,,134.0,2010
176,Transit,1,3.039577,,204.0,2011
177,Transit,1,3.257215,,395.0,2011
178,Transit,1,5.723186,,322.0,2011
179,Transit,1,2.810595,,193.0,2011
180,Transit,2,5.005425,,354.0,2011
181,Radial Velocity,2,1022.0,3.4,354.0,2011
182,Transit,1,2.150008,,283.0,2011
183,Transit,1,3.474474,,387.0,2011
184,Transit,1,5.452654,,257.0,2011
185,Transit,1,3.646706,,535.0,2011
186,Transit,1,1.327347,,317.0,2011
187,Transit,1,2.797436,,411.0,2011
188,Transit,1,4.640382,,249.0,2012
189,Transit,1,3.54387,,642.0,2012
190,Transit,1,4.457243,,501.0,2012
191,Transit,1,2.694047,,344.0,2012
192,Transit,1,4.641878,,447.0,2012
193,Transit,1,3.332687,,542.0,2012
194,Transit,1,2.691548,,322.0,2014
195,Transit,1,3.446459,,303.0,2012
196,Transit,1,1.354133,,360.0,2013
197,Transit,1,3.547851,,453.0,2013
198,Radial Velocity,2,349.7,1.25,25.64,2001
199,Radial Velocity,2,6005.0,5.3,25.64,2012
200,Radial Velocity,2,5.7727,0.024,23.44,2009
201,Radial Velocity,2,13.505,0.0186,23.44,2011
202,Radial Velocity,1,431.8,3.1,167.5,2011
203,Radial Velocity,1,533.0,6.1,7.01,2010
204,Radial Velocity,1,1183.0,4.9,89.85,2002
205,Radial Velocity,1,3.4442,0.48,53.71,2005
206,Radial Velocity,1,311.6,1.6,115.21,2013
207,Radial Velocity,1,62.218,0.229,11.11,2003
208,Radial Velocity,1,526.62,1.56,44.05,2007
209,Radial Velocity,1,829.0,0.8,32.7,2001
210,Radial Velocity,1,15.609,0.0405,21.85,2005
211,Radial Velocity,1,431.88,2.07,77.82,2001
212,Radial Velocity,1,356.0,2.3,131.41,2009
213,Radial Velocity,2,360.2,2.37,56.5,2012
214,Radial Velocity,2,2732.0,2.37,56.5,2012
215,Radial Velocity,1,675.0,1.94,100.0,2007
216,Radial Velocity,1,777.0,1.96,53.28,2009
217,Radial Velocity,1,792.6,,58.17,2012
218,Radial Velocity,1,177.11,7.6,150.6,2011
219,Radial Velocity,1,22.09,0.48,40.32,2003
220,Radial Velocity,1,2496.0,1.65,55.01,2009
221,Radial Velocity,1,615.0,0.29,35.88,2011
222,Radial Velocity,2,1275.0,1.11,38.52,2011
223,Radial Velocity,2,4046.0,2.0,38.52,2011
224,Radial Velocity,1,5.3978,0.029,16.82,2008
225,Radial Velocity,1,1313.0,0.63,56.34,2010
226,Radial Velocity,1,227.0,1.8,44.15,2002
227,Radial Velocity,1,1634.0,14.2,38.26,2009
228,Radial Velocity,2,30.052,0.7,52.85,2009
229,Radial Velocity,2,192.9,1.82,52.85,2009
230,Radial Velocity,6,5.75962,0.041,39.39,2010
231,Radial Velocity,6,16.3567,0.038,39.39,2010
232,Radial Velocity,6,49.747,0.08,39.39,2010
233,Radial Velocity,6,122.72,0.074,39.39,2010
234,Radial Velocity,6,602.0,0.067,39.39,2010
235,Radial Velocity,6,2248.0,0.205,39.39,2010
236,Radial Velocity,1,989.2,0.94,17.35,2006
237,Radial Velocity,1,1075.2,6.21,32.56,1999
238,Radial Velocity,2,1270.2,3.44,53.82,2007
239,Radial Velocity,2,170.455,0.82,53.82,2008
240,Radial Velocity,1,711.0,6.54,66.49,2005
241,Radial Velocity,2,1945.0,0.622,33.98,2005
242,Radial Velocity,2,37.91,0.0788,33.98,2008
243,Radial Velocity,2,262.709,2.3,37.16,2000
244,Radial Velocity,2,1708.0,1.92,37.16,2002
245,Radial Velocity,1,471.6,14.0,300.3,2005
246,Radial Velocity,2,14.182,0.0325,28.6,2011
247,Radial Velocity,2,53.832,0.036,28.6,2011
248,Radial Velocity,2,19.382,0.865,66.89,2013
249,Radial Velocity,2,931.0,5.13,66.89,2013
250,Radial Velocity,1,4218.0,1.88,45.52,2009
251,Radial Velocity,1,75.523,0.26,35.91,2000
252,Radial Velocity,1,17.24,0.0696,25.54,2008
253,Radial Velocity,1,990.0,4.4,59.84,2009
254,Radial Velocity,1,465.1,14.3,50.18,2009
255,Radial Velocity,1,359.9,4.6,,2007
256,Radial Velocity,1,21.21663,,78.25,2007
257,Radial Velocity,1,772.0,2.7,127.88,2011
258,Radial Velocity,1,466.2,1.37,22.38,2003
259,Radial Velocity,2,11.849,0.0378,43.08,2011
260,Radial Velocity,2,33.823,0.0422,43.08,2011
261,Radial Velocity,1,500.0,1.07,27.13,2002
262,Radial Velocity,3,18.315,0.0085,6.06,2011
263,Radial Velocity,3,40.114,0.00755,6.06,2011
264,Radial Velocity,3,90.309,0.0151,6.06,2011
265,Radial Velocity,2,29.15,0.0379,35.89,2011
266,Radial Velocity,2,85.131,0.0496,35.89,2011
267,Radial Velocity,1,591.9,1.9,36.02,2006
268,Radial Velocity,1,380.85,1.99,44.5,2008
269,Radial Velocity,2,22.656,0.0322,32.31,2011
270,Radial Velocity,2,53.881,0.06472,32.31,2011
271,Radial Velocity,1,1214.0,1.5,89.13,2006
272,Radial Velocity,1,738.459,2.61,34.6,2001
273,Radial Velocity,1,528.07,13.65,31.79,2011
274,Radial Velocity,1,1561.0,7.71,51.97,2003
275,Radial Velocity,1,3668.0,4.01,46.51,2006
276,Radial Velocity,1,1845.0,0.95,56.05,2010
277,Radial Velocity,1,423.841,1.28,18.24,2000
278,Radial Velocity,1,2208.0,1.45,44.54,2012
279,Radial Velocity,1,17.991,0.62,42.37,2005
280,Radial Velocity,1,1117.0,1.16,56.18,2010
281,Radial Velocity,1,385.9,5.59,39.56,2001
282,Radial Velocity,1,387.1,1.7,168.92,2011
283,Radial Velocity,1,2819.654,9.17,54.71,2002
284,Radial Velocity,1,1159.2,1.373,26.5,2009
285,Radial Velocity,1,912.0,1.8,121.07,2011
286,Radial Velocity,1,466.0,0.5,53.82,2010
287,Radial Velocity,3,16.546,0.0363,38.01,2011
288,Radial Velocity,3,51.284,0.0498,38.01,2011
289,Radial Velocity,3,274.49,0.0519,38.01,2011
290,Radial Velocity,1,326.6,1.3,136.8,2011
291,Radial Velocity,1,18.179,0.33,86.88,2006
292,Radial Velocity,1,157.54,3.04,117.37,2009
293,Radial Velocity,1,1049.0,0.79,45.01,2009
294,Radial Velocity,1,388.0,9.1,20.98,2005
295,Radial Velocity,1,363.2,,37.78,2010
296,Radial Velocity,3,154.46,0.61,33.24,2002
297,Radial Velocity,3,2295.0,0.683,33.24,2002
298,Radial Velocity,3,843.6,0.624,33.24,2005
299,Radial Velocity,1,2063.818,10.35,18.21,2001
300,Radial Velocity,2,55.0,2.3,42.88,2004
301,Radial Velocity,2,2720.0,3.366,42.88,2012
302,Radial Velocity,3,5.6363,0.0117,25.59,2011
303,Radial Velocity,3,14.025,0.0187,25.59,2011
304,Radial Velocity,3,33.941,0.0162,25.59,2011
305,Radial Velocity,2,14.3098,0.839,42.43,2000
306,Radial Velocity,2,2140.2,13.38,42.43,2000
307,Radial Velocity,1,696.3,10.7,99.4,2009
308,Radial Velocity,1,407.15,0.0961,15.56,2011
309,Radial Velocity,6,4.3123,0.0126,12.83,2008
310,Radial Velocity,6,9.6184,0.0208,12.83,2008
311,Radial Velocity,6,20.432,0.0299,12.83,2008
312,Radial Velocity,6,34.62,0.011,12.83,2012
313,Radial Velocity,6,51.76,0.0164,12.83,2012
314,Radial Velocity,6,197.8,0.0223,12.83,2012
315,Radial Velocity,1,264.15,4.01,33.33,2002
316,Radial Velocity,1,963.0,2.54,43.03,2004
317,Radial Velocity,1,1.3283,18.37,43.03,2003
318,Radial Velocity,2,18.357,0.039,52.03,2013
319,Radial Velocity,2,25.648,0.027,52.03,2013
320,Radial Velocity,1,327.8,0.6,54.94,2010
321,Radial Velocity,1,2371.0,25.0,37.05,2008
322,Radial Velocity,1,36.96,2.49,93.2,2007
323,Radial Velocity,1,472.0,0.58,50.43,2010
324,Radial Velocity,1,5.8872,0.04,22.04,2011
325,Radial Velocity,2,226.93,0.1872,32.58,2008
326,Radial Velocity,2,342.85,0.6579,32.58,2008
327,Radial Velocity,1,890.76,1.79,48.95,2004
328,Radial Velocity,1,43.6,0.47,36.14,2008
329,Radial Velocity,1,3.024,0.249,33.41,2000
330,Radial Velocity,2,4.0845,0.07167,37.84,2008
331,Radial Velocity,2,1353.6,0.35061,37.84,2008
332,Radial Velocity,2,430.0,5.0,121.36,2002
333,Radial Velocity,2,2500.0,7.0,121.36,2008
334,Radial Velocity,1,700.0,1.16,87.41,2008
335,Radial Velocity,1,4.9437,0.115,40.73,2002
336,Radial Velocity,1,2582.7,1.71,47.26,2005
337,Radial Velocity,1,1279.0,4.9,31.03,2002
338,Radial Velocity,2,14.07,0.0413,34.07,2011
339,Radial Velocity,2,95.415,0.0565,34.07,2011
340,Radial Velocity,1,118.96,1.13,28.07,2000
341,Radial Velocity,1,303.0,5.25,92.51,2003
342,Radial Velocity,2,201.83,3.1548,25.7,2008
343,Radial Velocity,2,607.06,7.4634,25.7,2008
344,Radial Velocity,1,2.817822,0.38,35.8,2005
345,Radial Velocity,1,589.64,2.9,10.34,2006
346,Radial Velocity,1,358.0,0.64,32.62,2009
347,Radial Velocity,2,572.4,1.26,35.59,2003
348,Radial Velocity,2,152.6,0.17,35.59,2011
349,Radial Velocity,1,480.5,6.0,80.06,2012
350,Radial Velocity,1,1973.0,2.82,55.04,2005
351,Radial Velocity,1,6.276,1.9,58.82,2001
352,Radial Velocity,3,8.667,0.033,12.58,2006
353,Radial Velocity,3,31.56,0.038,12.58,2006
354,Radial Velocity,3,197.0,0.058,12.58,2006
355,Radial Velocity,1,851.8,6.1,,2007
356,Radial Velocity,1,2231.0,2.0,28.76,2003
357,Radial Velocity,1,3383.0,3.15,51.36,2002
358,Radial Velocity,1,1260.0,3.06,53.05,2008
359,Radial Velocity,1,2.54858,1.87,36.52,2003
360,Radial Velocity,2,188.9,2.25,94.61,2002
361,Radial Velocity,2,379.1,2.25,94.61,2005
362,Radial Velocity,1,1800.0,1.15,96.99,2008
363,Radial Velocity,3,51.645,1.8,64.56,2003
364,Radial Velocity,3,2473.0,8.06,64.56,2003
365,Radial Velocity,3,346.6,0.396,64.56,2007
366,Radial Velocity,1,3.51,0.42,28.94,1999
367,Radial Velocity,1,418.2,2.51,80.58,2007
368,Radial Velocity,1,3.971,0.197,59.7,2002
369,Radial Velocity,1,5.7361,,41.27,2012
370,Radial Velocity,1,1966.1,1.34,48.64,2011
371,Radial Velocity,1,111.4357,,29.04,2001
372,Radial Velocity,1,1001.7,6.86,32.56,2005
373,Radial Velocity,1,184.02,2.7,88.26,2007
374,Radial Velocity,2,441.47,,27.46,2003
375,Radial Velocity,2,220.078,,27.46,2003
376,Radial Velocity,1,705.0,1.3,112.23,2011
377,Radial Velocity,1,2.985625,0.4,43.53,2002
378,Radial Velocity,1,788.0,0.132,33.96,2009
379,Radial Velocity,1,58.43,0.01133,11.15,2011
380,Radial Velocity,1,2.1375,1.5,91.16,2006
381,Radial Velocity,1,1695.0,0.92,42.48,2009
382,Radial Velocity,1,1475.0,7.0,72.57,2009
383,Radial Velocity,1,2754.0,1.78,18.06,2009
384,Radial Velocity,1,3.416,0.22,74.46,2004
385,Radial Velocity,1,2157.0,1.78,30.88,2009
386,Radial Velocity,1,256.78,8.44,38.99,1999
387,Radial Velocity,1,49.77,0.057,22.09,2009
388,Radial Velocity,1,325.81,3.86,32.32,2000
389,Radial Velocity,1,143.58,0.37,28.9,2005
390,Radial Velocity,2,13.186,0.0263,42.52,2011
391,Radial Velocity,2,46.025,0.0318,42.52,2011
392,Imaging,1,,,91.57,2013
393,Radial Velocity,1,507.0,1.2,149.03,2009
394,Radial Velocity,1,361.1,0.9,132.8,2011
395,Radial Velocity,1,498.9,0.68,84.03,2009
396,Radial Velocity,1,647.3,4.0,221.24,2011
397,Radial Velocity,2,8.1256,0.0284,26.21,2011
398,Radial Velocity,2,103.49,0.04,26.21,2011
399,Radial Velocity,1,9.494,0.026,21.3,2010
400,Radial Velocity,1,436.9,1.8,150.38,2011
401,Radial Velocity,1,4951.0,6.8,42.77,2012
402,Radial Velocity,1,439.3,0.502,60.46,2005
403,Radial Velocity,2,17.054,0.087,17.99,2004
404,Radial Velocity,2,4970.0,0.36,17.99,2010
405,Radial Velocity,1,868.0,1.4,130.89,2011
406,Radial Velocity,1,157.57,1.7,140.85,2011
407,Radial Velocity,1,383.7,1.16,52.8,2007
408,Radial Velocity,1,70.46,0.3,30.5,2005
409,Radial Velocity,1,20.8133,0.172,42.0,2005
410,Radial Velocity,1,4.113775,0.45,28.98,2006
411,Radial Velocity,2,127.58,5.9,164.2,2008
412,Radial Velocity,2,520.0,2.6,164.2,2008
413,Radial Velocity,1,122.1,0.05,9.24,2010
414,Radial Velocity,1,778.1,5.9,138.5,2011
415,Radial Velocity,1,6.495,0.96,121.07,2010
416,Radial Velocity,1,47.84,0.098,49.33,2009
417,Radial Velocity,1,5.8881,0.367,53.08,2013
418,Radial Velocity,1,55.806,0.186,20.82,2009
419,Radial Velocity,1,199.505,8.3,102.04,2003
420,Radial Velocity,1,1531.0,6.92,37.44,2002
421,Radial Velocity,1,2890.0,11.0,87.87,2011
422,Radial Velocity,1,3630.0,9.61,36.36,2012
423,Imaging,1,,,91.83,2013
424,Radial Velocity,1,48.056,0.21,51.26,2005
425,Radial Velocity,1,10.8985,0.261,38.56,2002
426,Radial Velocity,1,443.4,2.6,138.5,2011
427,Radial Velocity,2,395.8,1.29,68.54,2002
428,Radial Velocity,2,1624.0,0.99,68.54,2005
429,Radial Velocity,1,68.27,0.77,65.62,2010
430,Radial Velocity,2,7.8543,0.054,56.92,2013
431,Radial Velocity,2,30.93,0.076,56.92,2013
432,Radial Velocity,1,5.24,0.28,59.03,2005
433,Radial Velocity,1,835.477,11.09,97.66,2009
434,Radial Velocity,1,1143.0,6.8,28.88,2003
435,Radial Velocity,1,324.0,2.83,37.42,2013
436,Radial Velocity,2,263.3,0.27,15.71,2010
437,Radial Velocity,2,1657.0,0.71,15.71,2010
438,Radial Velocity,2,937.7,1.24,28.04,2003
439,Radial Velocity,2,1046.0,,28.04,2011
440,Radial Velocity,1,3827.0,0.48,20.48,2014
441,Radial Velocity,1,83.888,11.68,40.57,1989
442,Radial Velocity,1,493.7,1.1,20.43,2001
443,Radial Velocity,1,1114.0,0.95,35.0,2002
444,Radial Velocity,1,670.0,2.1,110.62,2011
445,Radial Velocity,1,2597.0,1.88,33.01,2004
446,Radial Velocity,1,25.827,0.178,38.02,2004
447,Radial Velocity,1,6.1335,2.13,88.57,2005
448,Radial Velocity,1,2082.0,4.5,97.66,2013
449,Radial Velocity,1,63.33,1.22,44.37,2003
450,Radial Velocity,1,344.95,3.71,133.16,2003
451,Radial Velocity,3,559.4,3.0,52.83,2007
452,Radial Velocity,3,4.1547,0.058,52.83,2009
453,Radial Velocity,3,3008.0,7.2,52.83,2009
454,Radial Velocity,1,9.6737,0.041,27.45,2009
455,Radial Velocity,1,1244.0,0.38,68.35,2009
456,Radial Velocity,1,948.12,0.224,38.05,2011
457,Radial Velocity,2,454.2,1.45,16.57,2002
458,Radial Velocity,2,923.8,3.24,16.57,2005
459,Radial Velocity,1,1840.0,1.6,67.61,2009
460,Radial Velocity,1,10.7085,1.04,29.76,1999
461,Radial Velocity,1,883.0,2.2,121.36,2011
462,Radial Velocity,1,1951.0,18.15,57.21,2008
463,Radial Velocity,1,974.0,5.61,70.97,2007
464,Radial Velocity,1,1544.0,1.49,98.52,2011
465,Radial Velocity,2,3.27,0.0351,24.15,2011
466,Radial Velocity,2,1160.9,0.1507,24.15,2011
467,Radial Velocity,2,258.19,1.59,25.65,1999
468,Radial Velocity,2,5000.0,0.82,25.65,2009
469,Radial Velocity,3,12.083,0.0292,26.91,2011
470,Radial Velocity,3,59.519,0.0382,26.91,2011
471,Radial Velocity,3,459.26,0.121,26.91,2011
472,Radial Velocity,1,464.3,2.0,106.38,2009
473,Radial Velocity,3,11.577,0.0166,14.56,2011
474,Radial Velocity,3,27.582,0.0358,14.56,2011
475,Radial Velocity,3,106.72,0.03,14.56,2011
476,Radial Velocity,1,330.0,0.223,38.45,2011
477,Radial Velocity,1,1125.7,9.76,121.36,2008
478,Radial Velocity,1,653.22,9.7,33.46,2002
479,Radial Velocity,1,1928.0,5.1,35.87,2005
480,Radial Velocity,1,1299.0,1.9,106.38,2011
481,Radial Velocity,1,386.3,1.62,34.57,2003
482,Radial Velocity,1,1057.0,3.12,59.35,2008
483,Radial Velocity,1,176.3,2.9,126.1,2010
484,Radial Velocity,1,103.95,5.76,55.19,2008
485,Radial Velocity,2,44.236,2.12,42.68,2009
486,Radial Velocity,2,1008.0,6.56,42.68,2009
487,Radial Velocity,1,528.4,1.21,12.87,2003
488,Radial Velocity,1,1027.0,0.85,53.05,2009
489,Radial Velocity,1,331.5,0.96,59.28,2009
490,Radial Velocity,1,2.8758911,,78.86,2005
491,Radial Velocity,1,4.072,1.33,63.49,2005
492,Radial Velocity,1,2.391,15.5,76.51,2009
493,Radial Velocity,1,1096.2,0.168,29.55,2011
494,Radial Velocity,1,2097.0,3.0,85.18,2009
495,Radial Velocity,1,689.0,1.5,182.82,2011
496,Radial Velocity,1,499.4,2.73,51.87,2008
497,Radial Velocity,1,18.596,0.0193,18.08,2011
498,Radial Velocity,1,3342.0,0.947,18.06,2006
499,Radial Velocity,1,163.9,5.02,65.79,2008
500,Radial Velocity,2,408.6,2.24,68.54,2004
501,Radial Velocity,2,3452.0,2.58,68.54,2014
502,Radial Velocity,2,194.3,0.85,43.4,2007
503,Radial Velocity,2,391.9,0.82,43.4,2007
504,Radial Velocity,1,131.05,9.71,35.37,2011
505,Radial Velocity,1,842.0,0.75,55.1,2009
506,Radial Velocity,1,4.6455,0.013,24.05,2010
507,Radial Velocity,1,359.5546,10.57,49.0,2007
508,Radial Velocity,1,104.84,0.12,33.48,2011
509,Radial Velocity,1,521.0,1.8,114.15,2011
510,Radial Velocity,2,12.62,1.13,68.59,2013
511,Radial Velocity,2,248.4,1.9,68.59,2013
512,Radial Velocity,2,1178.4,2.1,52.72,2006
513,Radial Velocity,2,352.3,0.73,52.72,2012
514,Radial Velocity,4,643.25,,15.28,2000
515,Radial Velocity,4,4205.8,1.814,15.28,2004
516,Radial Velocity,4,9.6386,,15.28,2004
517,Radial Velocity,4,310.55,,15.28,2006
518,Radial Velocity,1,8.428198,14.4,31.26,2002
519,Radial Velocity,2,75.29,0.77,69.44,2010
520,Radial Velocity,2,1314.0,2.29,69.44,2010
521,Radial Velocity,1,282.4,0.48,51.81,2010
522,Radial Velocity,1,606.4,2.7,37.98,2009
523,Radial Velocity,1,1155.0,0.36,21.92,2005
524,Radial Velocity,1,5144.0,3.53,42.99,2012
525,Radial Velocity,1,420.77,1.7,50.0,2007
526,Radial Velocity,2,58.11289,8.02,37.88,1998
527,Radial Velocity,2,1749.5,18.1,37.88,2000
528,Radial Velocity,1,6.403,0.23,43.12,2002
529,Radial Velocity,2,225.62,2.88,36.32,2000
530,Radial Velocity,2,2102.0,4.04,36.32,2003
531,Radial Velocity,1,1145.0,0.67,64.98,2007
532,Radial Velocity,1,538.0,1.83,,2007
533,Radial Velocity,1,1523.0,2.6,44.05,2009
534,Radial Velocity,1,323.6,2.7,134.95,2008
535,Radial Velocity,1,1290.0,7.8,67.02,2009
536,Radial Velocity,1,297.3,0.61,127.55,2007
537,Astrometry,1,1016.0,,14.98,2010
538,Radial Velocity,2,406.6,1.49,59.03,1999
539,Radial Velocity,2,110.9,0.15,59.03,2010
540,Radial Velocity,1,71.484,7.03,46.73,2001
541,Radial Velocity,1,14.476,0.08,63.69,2008
542,Radial Velocity,1,3.0925,0.95,27.05,2000
543,Radial Velocity,1,396.03,,131.75,2010
544,Radial Velocity,1,479.0,1.6,114.55,2009
545,Radial Velocity,1,663.0,3.3,115.47,2009
546,Radial Velocity,3,9.3743,0.0238,26.15,2008
547,Radial Velocity,3,962.0,0.64,26.15,2008
548,Radial Velocity,3,2172.0,0.54,26.15,2008
549,Radial Velocity,1,956.0,0.37,55.93,2009
550,Radial Velocity,2,634.23,3.69,52.83,2004
551,Radial Velocity,2,2950.0,3.82,52.83,2008
552,Radial Velocity,1,6.838,0.94,47.37,2006
553,Radial Velocity,1,986.0,0.75,44.98,2006
554,Radial Velocity,2,3.097,0.52,47.92,1998
555,Radial Velocity,2,3810.0,1.99,47.92,1999
556,Radial Velocity,1,456.46,1.26,52.63,2004
557,Radial Velocity,1,14.275,0.0316,17.72,2011
558,Radial Velocity,1,2.21857578,,19.25,2005
559,Radial Velocity,1,1136.1,5.93,62.11,2002
560,Radial Velocity,2,2891.0,1.502,15.89,2003
561,Radial Velocity,2,17.1,0.057,15.89,2005
562,Radial Velocity,1,1038.1,1.9,54.23,2007
563,Radial Velocity,1,4885.0,3.1,189.39,2009
564,Radial Velocity,1,24.348,0.72,19.89,1999
565,Radial Velocity,2,74.72,0.05318,8.82,2011
566,Radial Velocity,2,525.8,0.07552,8.82,2011
567,Radial Velocity,1,351.5,2.5,67.39,2007
568,Radial Velocity,1,18.20163,3.7,37.35,1999
569,Radial Velocity,1,1289.0,3.0,46.93,2002
570,Radial Velocity,1,3638.0,6.9,43.57,2012
571,Radial Velocity,1,1333.0,2.58,32.99,2007
572,Radial Velocity,1,1035.7,0.79,32.83,2011
573,Radial Velocity,2,613.8,1.85,68.35,2010
574,Radial Velocity,2,825.0,0.895,68.35,2010
575,Radial Velocity,2,255.87,17.4,46.34,2002
576,Radial Velocity,2,1383.4,2.44,46.34,2004
577,Imaging,1,,,40.85,2006
578,Radial Velocity,3,1931.0,4.05,47.3,2009
579,Radial Velocity,3,34.873,0.054,47.3,2011
580,Radial Velocity,3,2831.6,1.68,47.3,2012
581,Radial Velocity,1,1733.0,0.266,26.95,2011
582,Radial Velocity,1,279.8,1.37,90.33,2008
583,Radial Velocity,1,610.0,2.2,170.07,2009
584,Radial Velocity,2,161.97,,55.31,2012
585,Radial Velocity,2,1155.7,,55.31,2012
586,Radial Velocity,1,123.0,0.45,43.99,2004
587,Radial Velocity,1,875.5,9.9,352.11,2012
588,Radial Velocity,1,3.52474859,,47.08,1999
589,Radial Velocity,1,442.1,1.23,21.29,1998
590,Radial Velocity,1,354.8,,55.93,2007
591,Radial Velocity,1,2.245715,0.45,52.72,2005
592,Radial Velocity,1,373.3,2.3,121.8,2009
593,Radial Velocity,1,951.0,4.5,40.75,2001
594,Radial Velocity,2,7.2825,0.0087,21.52,2011
595,Radial Velocity,2,10.866,0.0097,21.52,2011
596,Radial Velocity,2,191.99,0.101,38.64,2011
597,Radial Velocity,2,2277.0,0.246,38.64,2011
598,Radial Velocity,2,3.93,0.017,43.53,2009
599,Radial Velocity,2,567.0,0.33,43.53,2009
600,Radial Velocity,1,1311.0,1.26,33.29,2002
601,Radial Velocity,1,1294.0,2.1,26.52,2002
602,Radial Velocity,1,118.45,0.65,37.89,2003
603,Radial Velocity,2,7.126816,1.39,19.72,1998
604,Radial Velocity,2,4270.0,2.6,19.72,2005
605,Radial Velocity,1,1319.0,13.0,54.92,2010
606,Radial Velocity,1,225.7,0.21,29.94,2010
607,Radial Velocity,1,5501.0,10.39,29.2,2012
608,Radial Velocity,1,2093.3,,,2012
609,Radial Velocity,1,3.8335,0.06,81.1,2007
610,Radial Velocity,1,672.1,11.1,289.02,2012
611,Radial Velocity,1,2209.0,1.06,45.23,2012
612,Radial Velocity,1,3724.7,1.45,48.43,2011
613,Radial Velocity,1,456.1,3.09,52.88,2007
614,Radial Velocity,1,3999.0,1.9,50.45,2011
615,Radial Velocity,1,572.38,7.75,41.95,1999
616,Radial Velocity,1,26.73,0.71,94.07,2006
617,Radial Velocity,1,141.6,1.08,108.46,2007
618,Radial Velocity,1,192.0,6.575,,2013
619,Radial Velocity,1,501.75,6.9,,2009
620,Radial Velocity,1,745.7,5.3,307.69,2011
621,Radial Velocity,1,2443.0,2.54,54.92,2009
622,Radial Velocity,1,8.7836,0.0265,9.42,2008
623,Radial Velocity,1,3.369,0.76,50.2,2004
624,Radial Velocity,2,345.72,1.42,44.8,2009
625,Radial Velocity,2,9017.8,,44.8,2011
626,Radial Velocity,1,57.0,0.47,23.8,2010
627,Radial Velocity,1,16.2,1.25,223.21,2010
628,Radial Velocity,3,6.673855,3.88,52.88,2005
629,Radial Velocity,3,147.73,1.28,52.88,2006
630,Radial Velocity,3,952.0,0.57,52.88,2009
631,Radial Velocity,1,41.397,0.298,11.03,2010
632,Radial Velocity,3,8.1352,0.036,25.87,2011
633,Radial Velocity,3,32.03,0.41,25.87,2011
634,Radial Velocity,3,431.7,0.527,25.87,2011
635,Imaging,1,,,11.43,2010
636,Radial Velocity,1,124.6,9.18,149.25,2013
637,Radial Velocity,1,17337.5,9.0,23.98,2009
638,Radial Velocity,1,511.098,8.82,31.33,2002
639,Imaging,1,,,131.93,2010
640,Radial Velocity,1,111.7,2.1,14.9,2009
641,Radial Velocity,1,5.0505,1.068,44.46,2013
642,Radial Velocity,1,311.288,1.94,17.24,1999
643,Imaging,4,170000.0,,39.94,2008
644,Imaging,4,69000.0,,39.94,2008
645,Imaging,4,37000.0,,39.94,2008
646,Imaging,4,18000.0,,39.94,2010
647,Transit,1,1.217514,,262.0,2012
648,Transit,1,4.1137912,,124.22,2012
649,Transit,1,2.7033904,1.47,178.0,2013
650,Transit,1,7.8457,,222.0,2014
651,Transit,1,2.47063,,213.0,2006
652,Transit,1,2.204737,,320.0,2008
653,Transit,1,4.8878162,,38.0,2008
654,Transit,1,3.21346,,550.0,2009
655,Transit,1,3.54846,,,2009
656,Transit,1,3.234723,,,2009
657,Transit,1,4.885525,,,2009
658,Transit,1,3.52254,,1330.0,2010
659,Transit,3,19.24,,650.0,2010
660,Transit,3,38.91,,650.0,2010
661,Transit,3,1.592851,,650.0,2010
662,Transit,2,0.837495,,173.0,2011
663,Transit,2,45.29485,,173.0,2011
664,Transit,6,10.3039,,613.0,2010
665,Transit,6,13.0241,,613.0,2010
666,Transit,6,22.6845,,613.0,2010
667,Transit,6,31.9996,,613.0,2010
668,Transit,6,46.6888,,613.0,2010
669,Transit,6,118.3807,,613.0,2010
670,Transit,1,4.4379637,,600.0,2011
671,Transit,1,1.7635892,,,2011
672,Transit,1,6.790123,,980.0,2011
673,Transit,1,4.942782,,,2011
674,Transit,1,228.776,,61.0,2011
675,Transit,1,1.4857108,,800.0,2011
676,Transit,3,3.504725,,,2011
677,Transit,3,7.64159,,,2011
678,Transit,3,14.85888,,,2011
679,Transit,2,9.2869944,,2119.0,2011
680,Transit Timing Variations,2,160.0,,2119.0,2011
681,Transit,5,3.6961219,,290.0,2011
682,Transit,5,10.854092,,290.0,2011
683,Transit,5,77.61184,,290.0,2011
684,Transit,5,6.098493,,290.0,2011
685,Transit,5,19.57706,,290.0,2011
686,Transit,1,2.785755,,108.0,2011
687,Transit,1,289.8623,,190.0,2011
688,Transit,2,7.1073,,800.0,2011
689,Transit,2,10.7421,,800.0,2011
690,Transit,2,8.1453,,1200.0,2011
691,Transit,2,12.3335,,1200.0,2011
692,Transit,3,6.2385,,,2011
693,Transit,3,12.7204,,,2011
694,Radial Velocity,3,123.0,,,2014
695,Transit,2,12.2829,,,2011
696,Transit,2,17.2513,,,2011
697,Transit,2,15.3348,,,2011
698,Transit,2,31.3309,,,2011
699,Transit,2,5.9123,,,2011
700,Transit,2,8.9858,,,2011
701,Transit,2,10.3376,,1400.0,2011
702,Transit,2,13.2907,,1400.0,2011
703,Transit,3,29.33434,,1400.0,2012
704,Transit,3,60.323105,,1400.0,2012
705,Transit,3,143.34394,,1400.0,2012
706,Transit,2,20.8613,,2100.0,2011
707,Transit,2,42.6318,,2100.0,2011
708,Transit,5,5.90124,,303.0,2011
709,Transit,5,8.7522,,303.0,2011
710,Transit,5,22.7802,,303.0,2012
711,Transit,5,2.896,,303.0,2012
712,Transit,5,0.74296,,303.0,2012
713,Transit,5,5.66793,,,2011
714,Transit,5,13.17562,,,2011
715,Transit,5,21.77596,,,2011
716,Transit,5,31.7844,,,2011
717,Transit,5,41.02902,,,2011
718,Transit,1,288.822,,1499.0,2011
719,Transit,1,131.458,,1645.0,2011
720,Transit,2,13.83989,,470.0,2012
721,Transit,2,16.23855,,470.0,2012
722,Transit,3,13.367308,,66.0,2013
723,Transit,3,21.301886,,66.0,2013
724,Transit,3,39.792187,,66.0,2013
725,Transit,1,105.599,,600.0,2012
726,Transit,1,21.0874,,1200.0,2011
727,Transit,1,6.87349,,2700.0,2010
728,Transit,1,1.855558,,770.0,2011
729,Transit,3,1.2137672,,38.7,2011
730,Transit,3,0.45328509,,38.7,2011
731,Transit,3,1.865169,,38.7,2011
732,Transit,1,3.024095,,1950.0,2011
733,Transit,1,3.24674,,2250.0,2011
734,Transit,1,2.455239,,333.0,2011
735,Transit,2,33.60134,,855.0,2012
736,Transit Timing Variations,2,57.011,,855.0,2012
737,Transit,2,49.532,,1500.0,2012
738,Transit,2,303.137,,1500.0,2012
739,Transit,4,4.7779803,,,2012
740,Transit,4,9.6739283,,,2012
741,Transit,4,42.8961,,,2014
742,Radial Velocity,4,982.0,,,2014
743,Transit,2,7.2037945,,,2012
744,Transit,2,10.9129343,,,2012
745,Transit,2,7.81254,,,2012
746,Transit,2,9.37647,,,2012
747,Transit,3,45.154,,,2012
748,Transit,3,85.312,,,2012
749,Transit Timing Variations,3,,,,2014
750,Transit,2,7.8773565,,,2012
751,Transit,2,16.3850021,,,2012
752,Transit,2,18.6489525,,,2012
753,Transit,2,38.5583038,,,2012
754,Transit,2,8.0109434,,,2012
755,Transit,2,12.0717249,,,2012
756,Transit,2,27.9481449,,,2012
757,Transit,2,42.1516418,,,2012
758,Transit,2,10.5016,,,2012
759,Transit,2,21.40239,,,2012
760,Transit,2,5.7293196,,,2012
761,Transit,2,11.6092567,,,2012
762,Transit,2,10.2184954,,,2012
763,Transit,2,15.5741568,,,2012
764,Transit,2,11.8681707,,,2012
765,Transit,2,17.9801235,,,2012
766,Transit,3,7.1316185,,,2012
767,Transit,3,8.9193459,,,2012
768,Transit,3,11.9016171,,,2012
769,Transit,1,59.87756,,,2013
770,Transit,5,5.714932,,368.0,2013
771,Transit,5,12.4417,,368.0,2013
772,Transit,5,18.16406,,368.0,2013
773,Transit,5,122.3874,,368.0,2013
774,Transit,5,267.291,,368.0,2013
775,Transit,1,9.4341505,,200.0,2013
776,Transit,1,138.317,,1000.0,2012
777,Transit,3,2.15491,,,2012
778,Transit,3,5.859944,,,2012
779,Transit,3,8.13123,,,2012
780,Transit,1,17.815815,,1107.0,2013
781,Transit,1,15.7259,,1107.0,2013
782,Transit,3,5.398763,,135.0,2012
783,Transit,3,9.605085,,135.0,2012
784,Radial Velocity,3,580.0,0.947,135.0,2012
785,Transit,2,13.722341,,,2013
786,Transit,2,242.4613,,,2013
787,Orbital Brightness Modulation,2,0.240104,,1180.0,2011
788,Orbital Brightness Modulation,2,0.342887,,1180.0,2011
789,Transit,1,3.90512,,800.0,2010
790,Transit,1,7.340718,,1330.0,2013
791,Transit,1,8.884924,,1140.0,2013
792,Orbital Brightness Modulation,1,1.54492875,,,2013
793,Transit,1,3.57878087,,570.0,2013
794,Transit,1,0.355,,,2013
795,Transit,2,13.485,,,2012
796,Transit,2,27.402,,,2012
797,Transit,2,7.053,,,2012
798,Transit,2,9.522,,,2012
799,Transit,2,5.955,,,2012
800,Transit,2,12.04,,,2012
801,Transit,2,26.444,,,2012
802,Transit,2,51.538,,,2012
803,Transit,2,9.77,,,2012
804,Transit,2,20.09,,,2012
805,Transit,2,8.726,,,2012
806,Transit,2,12.883,,,2012
807,Transit,2,8.306,,,2012
808,Transit,2,12.513,,,2012
809,Transit,1,282.5255,,,2013
810,Transit,2,114.73635,,,2013
811,Transit,2,191.2318,,,2013
812,Transit,2,10.95416,,339.0,2013
813,Transit Timing Variations,2,22.3395,,339.0,2013
814,Transit,4,3.743208,,,2013
815,Transit,4,10.423648,,,2013
816,Transit,4,22.342989,,,2013
817,Transit,4,54.32031,,,2013
818,Transit,7,7.008151,,780.0,2013
819,Transit,7,8.719375,,780.0,2013
820,Transit,7,59.73667,,780.0,2013
821,Transit,7,91.93913,,780.0,2013
822,Transit,7,124.9144,,780.0,2013
823,Transit,7,210.60697,,780.0,2013
824,Transit,7,331.60059,,780.0,2013
825,Transit,1,6.24658,,1030.0,2013
826,Transit,2,13.749,,,2013
827,Transit,2,26.723,,,2013
828,Transit,2,4.72674,,,2014
829,Radial Velocity,2,1460.0,,,2014
830,Transit,2,2.50806,,,2014
831,Radial Velocity,2,820.3,,,2014
832,Transit,1,11.5231,,,2014
833,Transit,1,16.2385,,,2014
834,Transit,2,2.58664,,,2014
835,Radial Velocity,2,789.0,,,2014
836,Transit,1,1.54168,,,2014
837,Transit,1,4.60358,,,2014
838,Transit,3,6.88705,,,2014
839,Transit,3,12.8159,,,2014
840,Transit,3,35.3331,,,2014
841,Transit,5,5.28696,,,2014
842,Transit,5,7.07142,,,2014
843,Transit,5,10.3117,,,2014
844,Transit,5,16.1457,,,2013
845,Transit,5,27.4536,,,2014
846,Transit,2,15.9654,,,2014
847,Transit,2,179.612,,,2014
848,Transit,2,5.4122,,,2013
849,Transit,4,6.16486,,,2014
850,Transit,4,13.5708,,,2014
851,Transit,4,23.9802,,,2014
852,Transit,4,43.8445,,,2014
853,Transit,2,6.48163,,,2014
854,Transit,2,21.2227,,,2014
855,Transit,2,4.754,,,2014
856,Transit,2,8.92507,,,2014
857,Transit,2,8.041,,,2013
858,Transit,2,11.776,,,2013
859,Transit,2,15.09,,,2013
860,Transit,2,22.804,,,2013
861,Transit,3,27.50868,,,2013
862,Transit,2,16.092,,,2014
863,Transit,2,25.5169,,,2014
864,Transit,2,13.78164,,,2014
865,Transit,2,23.08933,,,2014
866,Transit,2,22.951,,,2013
867,Transit,2,42.882,,,2013
868,Transit,2,36.855,,,2013
869,Transit,2,49.412,,,2013
870,Transit,2,23.654,,,2013
871,Transit,2,50.447,,,2013
872,Transit,2,31.884,,,2013
873,Transit,2,48.648,,,2013
874,Transit,2,17.324,,,2013
875,Transit,2,33.006,,,2013
876,Transit,2,35.736,,,2013
877,Transit,2,54.414,,,2013
878,Transit,2,24.806,,,2013
879,Transit,2,44.347,,,2013
880,Transit,2,5.487,,,2013
881,Transit,2,8.291,,,2013
882,Transit,2,10.416,,,2013
883,Transit,2,13.084,,,2013
884,Transit,2,34.921,,,2013
885,Transit,2,71.312,,,2013
886,Transit,2,17.849,,,2013
887,Transit,2,26.136,,,2013
888,Transit,2,42.994,,,2013
889,Transit,2,88.505,,,2013
890,Transit,2,2.42629,,,2014
891,Transit,2,4.62332,,,2014
892,Transit,2,0.66931,,,2014
893,Radial Velocity,2,3000.0,,,2014
894,Transit,1,2.46502,,,2014
895,Transit,1,68.9584,,,2014
896,Transit,1,17.833648,,132.0,2013
897,Transit,1,3.00516,,,2013
898,Transit,1,1.72086123,,1056.0,2014
899,Transit,1,66.262,,,2014
900,Imaging,1,40000.0,,,2011
901,Transit,1,3.91405,,2000.0,2007
902,Microlensing,1,,,,2008
903,Microlensing,1,,,,2008
904,Microlensing,1,,,,2009
905,Microlensing,1,,,3600.0,2013
906,Microlensing,1,2780.0,,,2011
907,Microlensing,1,,,,2010
908,Microlensing,1,1970.0,,,2010
909,Microlensing,1,,,2300.0,2012
910,Microlensing,1,,,2800.0,2012
911,Microlensing,1,,,7720.0,2012
912,Microlensing,1,,,7560.0,2013
913,Radial Velocity,1,677.8,19.8,,2007
914,Radial Velocity,1,6.958,0.34,,2014
915,Radial Velocity,1,5.118,0.4,,2014
916,Radial Velocity,1,121.71,1.54,,2014
917,Microlensing,1,,,,2004
918,Microlensing,1,3600.0,,,2005
919,Microlensing,1,3300.0,,,2006
920,Microlensing,1,3500.0,,,2005
921,Microlensing,2,1825.0,,,2008
922,Microlensing,2,5100.0,,,2008
923,Microlensing,1,,,,2009
924,Microlensing,1,,,2570.0,2012
925,Microlensing,2,,,4080.0,2012
926,Microlensing,2,,,4080.0,2012
927,Microlensing,1,,,1760.0,2013
928,Microlensing,1,,,4970.0,2013
929,Transit,1,2.4855335,,,2008
930,Transit,1,3.101278,,,2004
931,Transit,1,1.2119189,,,2002
932,Transit,1,4.0161,,,2004
933,Transit,1,1.4324752,,600.0,2004
934,Transit,1,1.689868,,2500.0,2004
935,Transit,1,3.9791,,,2007
936,Transit,1,3.67724,,,2007
937,Imaging,1,730000.0,,,2006
938,Transit,1,3.1606296,,1200.0,2013
939,Radial Velocity,1,4.4264,,,2012
940,Radial Velocity,1,2.1451,,,2012
941,Pulsar Timing,3,25.262,,,1992
942,Pulsar Timing,3,66.5419,,,1992
943,Pulsar Timing,3,98.2114,,,1994
944,Pulsar Timing,1,36525.0,,,2003
945,Pulsar Timing,1,0.09070629,,1200.0,2011
946,Transit,1,1.420033,,,2010
947,Transit,1,1.3371182,,,2011
948,Imaging,1,,,135.0,2013
949,Imaging,1,,,120.0,2013
950,Imaging,1,,,,2010
951,Transit,1,4.2,,8500.0,2006
952,Transit,1,1.796,,8500.0,2006
953,Transit,1,3.030065,,152.3,2004
954,Transit,1,1.30618581,,228.0,2007
955,Transit,1,3.553945,,492.0,2007
956,Transit,1,1.4822446,,360.0,2011
957,Imaging,1,,,,2008
958,Pulsation Timing Variations,1,1170.0,,,2007
959,Transit,1,2.5199449,,408.0,2007
960,Transit,1,2.152226,,147.0,2007
961,Transit,1,1.846835,,220.0,2007
962,Transit,1,1.33823187,,300.0,2007
963,Transit,1,1.62843142,,300.0,2008
964,Transit,1,3.361006,,,2009
965,Transit,1,4.954658,,140.0,2008
966,Transit,1,8.158715,,87.0,2010
967,Transit,1,3.0927616,,90.0,2008
968,Transit,1,3.7224747,,121.7,2008
969,Transit,1,1.091423,,,2008
970,Transit,1,4.353011,,155.0,2009
971,Transit,1,2.243752,,160.0,2008
972,Transit,1,3.7520656,,,2009
973,Transit,1,3.1186009,,,2009
974,Transit,1,3.7354417,,400.0,2009
975,Transit,1,0.94145299,,105.49,2009
976,Transit,1,0.78884,,250.0,2009
977,Transit,1,4.322482,,242.0,2010
978,Transit,1,3.5327313,,300.0,2010
979,Transit,1,2.9444256,,,2010
980,Transit,1,2.34121242,,,2010
981,Transit,1,3.764825,,,2010
982,Transit,1,2.7566004,,250.0,2010
983,Transit,1,3.408821,,,2010
984,Transit,1,3.922727,,70.0,2010
985,Transit,1,3.4059096,,360.0,2010
986,Transit,1,2.718659,,,2010
987,Transit,1,1.2198669,,116.14,2010
988,Transit,1,4.3176782,,120.0,2010
989,Transit,1,3.161575,,,2011
990,Transit,1,1.5373653,,450.0,2011
991,Transit,1,3.577469,,343.0,2010
992,Transit,1,6.871815,,110.0,2010
993,Transit,1,4.055259,,230.0,2011
994,Transit,1,3.052401,,180.0,2010
995,Transit,1,4.9816872,,160.0,2012
996,Transit,1,0.813475,,80.0,2011
997,Transit,1,2.4238039,,,2011
998,Transit,1,3.1260876,,,2011
999,Transit,1,1.43037,,,2011
1000,Transit,1,4.1591399,,200.0,2012
1001,Transit,1,2.143634,,,2011
1002,Transit,1,2.7817387,,170.0,2012
1003,Transit,1,1.9550959,,230.0,2011
1004,Transit,1,1.7497798,,140.0,2012
1005,Transit,1,3.6936411,,200.0,2012
1006,Transit,1,4.465633,,330.0,2012
1007,Transit,1,4.617101,,255.0,2012
1008,Transit,1,2.838971,,455.0,2012
1009,Transit,1,5.01718,,300.0,2012
1010,Transit,1,7.919585,,125.0,2012
1011,Transit,1,4.3050011,,400.0,2012
1012,Transit,1,3.8559,,480.0,2012
1013,Transit,1,4.411953,,160.0,2012
1014,Transit,1,4.37809,,330.0,2012
1015,Transit,1,1.5732918,,350.0,2012
1016,Transit,1,2.3114243,,310.0,2013
1017,Transit,1,4.086052,,380.0,2012
1018,Transit,1,4.61442,,225.0,2012
1019,Transit,1,2.9036747,,345.0,2012
1020,Transit,1,2.2167421,,340.0,2012
1021,Transit,1,2.484193,,260.0,2013
1022,Transit,1,1.3600309,,93.0,2012
1023,Transit,1,2.17517632,,550.0,2012
1024,Transit,1,3.6623866,,240.0,2012
1025,Transit,1,3.0678504,,60.0,2012
1026,Transit,1,0.925542,,470.0,2014
1027,Imaging,1,,,19.2,2011
1028,Transit,1,3.352057,,3200.0,2012
1029,Imaging,1,,,10.1,2012
1030,Transit,1,3.94150685,,172.0,2006
1031,Transit,1,2.615864,,148.0,2007
1032,Transit,1,3.1915239,,174.0,2007
1033,Transit,1,4.1250828,,293.0,2008
1034,Transit,1,4.187757,,260.0,2008
